INSERT INTO customer (customer_id, first_name, last_name) VALUES (1, 'Александр', 'Иванов');
INSERT INTO customer (customer_id, first_name, last_name) VALUES (2, 'Иван', 'Иванов');
INSERT INTO customer (customer_id, first_name, last_name) VALUES (3, 'Иван', 'Петров');
INSERT INTO customer (customer_id, first_name, last_name) VALUES (4, 'Петр', 'Петров');
INSERT INTO customer (customer_id, first_name, last_name) VALUES (5, 'Петр', 'Смирнов');
INSERT INTO customer (customer_id, first_name, last_name) VALUES (6, 'Александр', 'Смирнов');
INSERT INTO customer (customer_id, first_name, last_name) VALUES (7, 'Александр', 'Петров');

INSERT INTO product (product_id, title, price) VALUES (1, 'Минеральная вода', 54);
INSERT INTO product (product_id, title, price) VALUES (2, 'Мороженное "Магнат"', 63);
INSERT INTO product (product_id, title, price) VALUES (3, 'Вода 5-л', 49);
INSERT INTO product (product_id, title, price) VALUES (4, 'Хлеб белый', 35);
INSERT INTO product (product_id, title, price) VALUES (5, 'Хлеб черный', 42);
INSERT INTO product (product_id, title, price) VALUES (6, 'Яблоки', 150);
INSERT INTO product (product_id, title, price) VALUES (7, 'Апельсины', 123);
INSERT INTO product (product_id, title, price) VALUES (8, 'Молоко', 84);

INSERT INTO purchase (purchase_id, customer_id, product_id, volume, purchase_date) VALUES (1, 1, 1, 7, '2020-01-13');
INSERT INTO purchase (purchase_id, customer_id, product_id, volume, purchase_date) VALUES (2, 1, 2, 1, '2020-01-13');
INSERT INTO purchase (purchase_id, customer_id, product_id, volume, purchase_date) VALUES (3, 1, 3, 5, '2020-01-14');
INSERT INTO purchase (purchase_id, customer_id, product_id, volume, purchase_date) VALUES (4, 2, 4, 5, '2020-01-14');
INSERT INTO purchase (purchase_id, customer_id, product_id, volume, purchase_date) VALUES (5, 2, 8, 2, '2020-01-15');
INSERT INTO purchase (purchase_id, customer_id, product_id, volume, purchase_date) VALUES (6, 3, 1, 5, '2020-01-16');
INSERT INTO purchase (purchase_id, customer_id, product_id, volume, purchase_date) VALUES (7, 3, 6, 2, '2020-01-18');
INSERT INTO purchase (purchase_id, customer_id, product_id, volume, purchase_date) VALUES (8, 3, 7, 1, '2020-01-19');
INSERT INTO purchase (purchase_id, customer_id, product_id, volume, purchase_date) VALUES (9, 4, 1, 2, '2020-01-20');
INSERT INTO purchase (purchase_id, customer_id, product_id, volume, purchase_date) VALUES (10, 4, 5, 2, '2020-01-21');
INSERT INTO purchase (purchase_id, customer_id, product_id, volume, purchase_date) VALUES (11, 5, 6, 2, '2020-01-22');
INSERT INTO purchase (purchase_id, customer_id, product_id, volume, purchase_date) VALUES (12, 5, 7, 2, '2020-01-23');
INSERT INTO purchase (purchase_id, customer_id, product_id, volume, purchase_date) VALUES (13, 5, 2, 1, '2020-01-24');
INSERT INTO purchase (purchase_id, customer_id, product_id, volume, purchase_date) VALUES (14, 5, 3, 2, '2020-01-25');
INSERT INTO purchase (purchase_id, customer_id, product_id, volume, purchase_date) VALUES (15, 1, 6, 6, '2020-01-26');
INSERT INTO purchase (purchase_id, customer_id, product_id, volume, purchase_date) VALUES (16, 1, 5, 2, '2020-01-27');
INSERT INTO purchase (purchase_id, customer_id, product_id, volume, purchase_date) VALUES (17, 3, 1, 8, '2020-01-28');
INSERT INTO purchase (purchase_id, customer_id, product_id, volume, purchase_date) VALUES (18, 7, 1, 2, '2020-01-17');
